PMID,Title,Authors,Citation,First Author,Journal/Book,Publication Year,Create Date,PMCID,NIHMS ID,DOI
"37595864","Advancing AI in healthcare: A comprehensive review of best practices","Polevikov S.","Clin Chim Acta. 2023 Aug 1;548:117519. doi: 10.1016/j.cca.2023.117519. Epub 2023 Aug 16.","Polevikov S","Clin Chim Acta","2023","2023/08/18","","","10.1016/j.cca.2023.117519"
"34470740","Use of artificial intelligence for image analysis in breast cancer screening programmes: systematic review of test accuracy","Freeman K, Geppert J, Stinton C, Todkill D, Johnson S, Clarke A, Taylor-Phillips S.","BMJ. 2021 Sep 1;374:n1872. doi: 10.1136/bmj.n1872.","Freeman K","BMJ","2021","2021/09/02","PMC8409323","","10.1136/bmj.n1872"
"39715552","Machine Learning and Deep Learning for Diagnosis of Lumbar Spinal Stenosis: Systematic Review and Meta-Analysis","Wang T, Chen R, Fan N, Zang L, Yuan S, Du P, Wu Q, Wang A, Li J, Kong X, Zhu W.","J Med Internet Res. 2024 Dec 23;26:e54676. doi: 10.2196/54676.","Wang T","J Med Internet Res","2024","2024/12/23","PMC11704645","","10.2196/54676"
"40324611","Artificial intelligence (AI) in point-of-care testing","Pillay TS, Khan AI, Yenice S.","Clin Chim Acta. 2025 Jun 15;574:120341. doi: 10.1016/j.cca.2025.120341. Epub 2025 May 3.","Pillay TS","Clin Chim Acta","2025","2025/05/05","","","10.1016/j.cca.2025.120341"
"35124180","A data-driven deep learning pipeline for quantitative susceptibility mapping (QSM)","Wang Z, Xia P, Huang F, Wei H, Hui ES, Mak HK, Cao P.","Magn Reson Imaging. 2022 May;88:89-100. doi: 10.1016/j.mri.2022.01.018. Epub 2022 Feb 3.","Wang Z","Magn Reson Imaging","2022","2022/02/06","","","10.1016/j.mri.2022.01.018"
"40898015","Artificial intelligence in headache medicine: between automation and the doctor-patient relationship. A systematic review","Espinoza-Vinces C, Martínez MC, Atorrasagasti-Villar A, Rodríguez MDMG, Ezpeleta D, Irimia P.","J Headache Pain. 2025 Sep 2;26(1):192. doi: 10.1186/s10194-025-02143-8.","Espinoza-Vinces C","J Headache Pain","2025","2025/09/02","PMC12406602","","10.1186/s10194-025-02143-8"
"40558281","Artificial Intelligence in Laryngeal Cancer Detection: A Systematic Review and Meta-Analysis","Alabdalhussein A, Al-Khafaji MH, Al-Busairi R, Al-Dabbagh S, Khan W, Anwar F, Raheem TS, Elkrim M, Sahota RB, Mair M.","Curr Oncol. 2025 Jun 9;32(6):338. doi: 10.3390/curroncol32060338.","Alabdalhussein A","Curr Oncol","2025","2025/06/25","PMC12191837","","10.3390/curroncol32060338"
"36511448","Mimicking Clinical Trials Using Real-World Data: A Novel Method and Applications","Wang WJ, Bansal A, Bennette CS, Basu A.","Med Decis Making. 2023 Apr;43(3):275-287. doi: 10.1177/0272989X221141381. Epub 2022 Dec 13.","Wang WJ","Med Decis Making","2023","2022/12/13","","","10.1177/0272989X221141381"
"37203680","Domain Knowledge-Driven Generation of Synthetic Healthcare Data","Hashemi AS, Soliman A, Lundström J, Etminani K.","Stud Health Technol Inform. 2023 May 18;302:352-353. doi: 10.3233/SHTI230136.","Hashemi AS","Stud Health Technol Inform","2023","2023/05/19","","","10.3233/SHTI230136"
"40760335","The state of the art in artificial intelligence and digital pathology in prostate cancer","Ni HM, Kouzy R, Sabbagh A, Rooney MK, Feng J, Castillo SP, Gadoue SM, El Kouzi Z, Hoffman K, Yuan Y, Madabhushi A, Mohamad O.","Nat Rev Urol. 2026 Jan;23(1):13-28. doi: 10.1038/s41585-025-01070-2. Epub 2025 Aug 4.","Ni HM","Nat Rev Urol","2026","2025/08/05","","","10.1038/s41585-025-01070-2"
"33986900","Machine Learning and Intelligent Diagnostics in Dental and Orofacial Pain Management: A Systematic Review","Farook TH, Jamayet NB, Abdullah JY, Alam MK.","Pain Res Manag. 2021 Apr 24;2021:6659133. doi: 10.1155/2021/6659133. eCollection 2021.","Farook TH","Pain Res Manag","2021","2021/05/14","PMC8093041","","10.1155/2021/6659133"
"38467001","The Impact of Health Care Algorithms on Racial and Ethnic Disparities : A Systematic Review","Siddique SM, Tipton K, Leas B, Jepson C, Aysola J, Cohen JB, Flores E, Harhay MO, Schmidt H, Weissman GE, Fricke J, Treadwell JR, Mull NK.","Ann Intern Med. 2024 Apr;177(4):484-496. doi: 10.7326/M23-2960. Epub 2024 Mar 12.","Siddique SM","Ann Intern Med","2024","2024/03/11","","","10.7326/M23-2960"
"40810585","Lung Ultrasound Findings and Algorithms to Detect Pneumonia: A Systematic Review and Diagnostic Testing Meta-Analysis","Padrao EMH, Caldeira Antonio B, Gardner TA, Miyawaki IA, Gomes C, Riceto Loyola Junior JE, Daibes Rachid de Andrade M, Reis Marques I, Azevedo Ferreira de Souza I, Hellen Azevedo da Silva C, Caporal Salles Moreira V, Pablo Bustos B, Barreto do Amaral Neto A, Rubin J.","Crit Care Med. 2025 Nov 1;53(11):e2271-e2281. doi: 10.1097/CCM.0000000000006818. Epub 2025 Aug 14.","Padrao EMH","Crit Care Med","2025","2025/08/14","","","10.1097/CCM.0000000000006818"
"37772513","Artificial intelligence for treatment planning and soft tissue outcome prediction of orthognathic treatment: A systematic review","Salazar D, Rossouw PE, Javed F, Michelogiannakis D.","J Orthod. 2024 Jun;51(2):107-119. doi: 10.1177/14653125231203743. Epub 2023 Sep 29.","Salazar D","J Orthod","2024","2023/09/29","","","10.1177/14653125231203743"
"37146391","Feasibility and effectiveness of artificial intelligence-driven conversational agents in healthcare interventions: A systematic review of randomized controlled trials","Li Y, Liang S, Zhu B, Liu X, Li J, Chen D, Qin J, Bressington D.","Int J Nurs Stud. 2023 Jul;143:104494. doi: 10.1016/j.ijnurstu.2023.104494. Epub 2023 Apr 5.","Li Y","Int J Nurs Stud","2023","2023/05/05","","","10.1016/j.ijnurstu.2023.104494"
"41330822","Synthetic data, synthetic trust: navigating data challenges in the digital revolution","Koul A, Duran D, Hernandez-Boussard T.","Lancet Digit Health. 2025 Nov;7(11):100924. doi: 10.1016/j.landig.2025.100924. Epub 2025 Dec 1.","Koul A","Lancet Digit Health","2025","2025/12/02","PMC12778113","NIHMS2130947","10.1016/j.landig.2025.100924"
"40557558","Emerging Technologies and Algorithms for Periodontal Screening and Risk of Disease Progression in Non-Dental Settings: A Scoping Review","Montero E, Sánchez N, Sanz-Sánchez I, López-Durán M, de Albornoz AC, Dietrich T.","J Clin Periodontol. 2025 Aug;52 Suppl 29:246-291. doi: 10.1111/jcpe.14168. Epub 2025 Jun 25.","Montero E","J Clin Periodontol","2025","2025/06/25","","","10.1111/jcpe.14168"
"40578029","AI-Powered Problem- and Case-based Learning in Medical and Dental Education: A Systematic Review and Meta-analysis","Wei H, Dai Y, Yuan K, Li KY, Hung KF, Hu EM, Lee AHC, Chang JWW, Zhang C, Li X.","Int Dent J. 2025 Aug;75(4):100858. doi: 10.1016/j.identj.2025.100858. Epub 2025 Jun 26.","Wei H","Int Dent J","2025","2025/06/27","PMC12268559","","10.1016/j.identj.2025.100858"
"38687025","Deep Learning Synthesis of White-Blood From Dark-Blood Late Gadolinium Enhancement Cardiac Magnetic Resonance","Jaspers TJM, Martens B, Crawley R, Jada L, Amirrajab S, Breeuwer M, Holtackers RJ, Chiribiri A, Scannell CM.","Invest Radiol. 2024 Nov 1;59(11):767-773. doi: 10.1097/RLI.0000000000001086. Epub 2024 May 1.","Jaspers TJM","Invest Radiol","2024","2024/04/30","","","10.1097/RLI.0000000000001086"
"37477930","Clinical Applications of Machine Learning in the Management of Intraocular Cancers: A Narrative Review","Chandrabhatla AS, Horgan TM, Cotton CC, Ambati NK, Shildkrot YE.","Invest Ophthalmol Vis Sci. 2023 Jul 3;64(10):29. doi: 10.1167/iovs.64.10.29.","Chandrabhatla AS","Invest Ophthalmol Vis Sci","2023","2023/07/21","PMC10365137","","10.1167/iovs.64.10.29"
"38687694","Deep multiple instance learning versus conventional deep single instance learning for interpretable oral cancer detection","Koriakina N, Sladoje N, Bašić V, Lindblad J.","PLoS One. 2024 Apr 30;19(4):e0302169. doi: 10.1371/journal.pone.0302169. eCollection 2024.","Koriakina N","PLoS One","2024","2024/04/30","PMC11060593","","10.1371/journal.pone.0302169"
"38942737","Towards objective and systematic evaluation of bias in artificial intelligence for medical imaging","Stanley EAM, Souza R, Winder AJ, Gulve V, Amador K, Wilms M, Forkert ND.","J Am Med Inform Assoc. 2024 Nov 1;31(11):2613-2621. doi: 10.1093/jamia/ocae165.","Stanley EAM","J Am Med Inform Assoc","2024","2024/06/28","PMC11491635","","10.1093/jamia/ocae165"
"41621772","Synthetic data in the clinical laboratory: methods, applications, and future prospects","Pillay TS, van Deventer BS, Gwiliza S, Subramoney EL, van Niekerk C.","Clin Chim Acta. 2026 Apr 1;585:120878. doi: 10.1016/j.cca.2026.120878. Epub 2026 Jan 30.","Pillay TS","Clin Chim Acta","2026","2026/02/01","","","10.1016/j.cca.2026.120878"
"39809456","Conditional Generative Models for Synthetic Tabular Data: Applications for Precision Medicine and Diverse Representations","Liu K, Altman RB.","Annu Rev Biomed Data Sci. 2025 Aug;8(1):21-49. doi: 10.1146/annurev-biodatasci-103123-094844. Epub 2025 Jan 14.","Liu K","Annu Rev Biomed Data Sci","2025","2025/01/14","","","10.1146/annurev-biodatasci-103123-094844"
"35659246","Machine learning methods for functional recovery prediction and prognosis in post-stroke rehabilitation: a systematic review","Campagnini S, Arienti C, Patrini M, Liuzzi P, Mannini A, Carrozza MC.","J Neuroeng Rehabil. 2022 Jun 3;19(1):54. doi: 10.1186/s12984-022-01032-4.","Campagnini S","J Neuroeng Rehabil","2022","2022/06/06","PMC9166382","","10.1186/s12984-022-01032-4"
"35266565","Missing data imputation in clinical trials using recurrent neural network facilitated by clustering and oversampling","Haliduola HN, Bretz F, Mansmann U.","Biom J. 2022 Jun;64(5):863-882. doi: 10.1002/bimj.202000393. Epub 2022 Mar 10.","Haliduola HN","Biom J","2022","2022/03/10","","","10.1002/bimj.202000393"
"40899524","Towards Fairness in Synthetic Healthcare Data: A Framework for the Evaluation of Synthetization Algorithms","Warnecke Y, Kuhn M, Diederichs F, Brix TJ, Clever L, Bergmann R, Heider D, Storck M.","Stud Health Technol Inform. 2025 Sep 3;331:25-34. doi: 10.3233/SHTI251376.","Warnecke Y","Stud Health Technol Inform","2025","2025/09/03","","","10.3233/SHTI251376"
"37451495","Generating synthetic clinical data that capture class imbalanced distributions with generative adversarial networks: Example using antiretroviral therapy for HIV","Kuo NI, Garcia F, Sönnerborg A, Böhm M, Kaiser R, Zazzi M; EuResist Network study group; Polizzotto M, Jorm L, Barbieri S.","J Biomed Inform. 2023 Aug;144:104436. doi: 10.1016/j.jbi.2023.104436. Epub 2023 Jul 13.","Kuo NI","J Biomed Inform","2023","2023/07/14","","","10.1016/j.jbi.2023.104436"
"37770204","Systematic Literature Review of Machine Learning Algorithms Using Pretherapy Radiologic Imaging for Glioma Molecular Subtype Prediction","Lost J, Verma T, Jekel L, von Reppert M, Tillmanns N, Merkaj S, Petersen GC, Bahar R, Gordem A, Haider MA, Subramanian H, Brim W, Ikuta I, Omuro A, Conte GM, Marquez-Nostra BV, Avesta A, Bousabarah K, Nabavizadeh A, Kazerooni AF, Aneja S, Bakas S, Lin M, Sabel M, Aboian M.","AJNR Am J Neuroradiol. 2023 Oct;44(10):1126-1134. doi: 10.3174/ajnr.A8000.","Lost J","AJNR Am J Neuroradiol","2023","2023/09/28","PMC10549943","","10.3174/ajnr.A8000"
"37698452","National ICU Registries as Enablers of Clinical Research and Quality Improvement","Salluh JIF, Quintairos A, Dongelmans DA, Aryal D, Bagshaw S, Beane A, Burghi G, López MDPA, Finazzi S, Guidet B, Hashimoto S, Ichihara N, Litton E, Lone NI, Pari V, Sendagire C, Vijayaraghavan BKT, Haniffa R, Pisani L, Pilcher D; Linking of Global Intensive Care (LOGIC) and Japanese Intensive care PAtient Database (JIPAD) Working Group.","Crit Care Med. 2024 Jan 1;52(1):125-135. doi: 10.1097/CCM.0000000000006050. Epub 2023 Sep 12.","Salluh JIF","Crit Care Med","2024","2023/09/12","","","10.1097/CCM.0000000000006050"
"39657652","From Code to Clots: Applying Machine Learning to Clinical Aspects of Venous Thromboembolism Prevention, Diagnosis, and Management","Chrysafi P, Lam B, Carton S, Patell R.","Hamostaseologie. 2024 Dec;44(6):429-445. doi: 10.1055/a-2415-8408. Epub 2024 Dec 10.","Chrysafi P","Hamostaseologie","2024","2024/12/10","","","10.1055/a-2415-8408"
"38663993","Evaluating Biases and Quality Issues in Intermodality Image Translation Studies for Neuroradiology: A Systematic Review","Walston SL, Tatekawa H, Takita H, Miki Y, Ueda D.","AJNR Am J Neuroradiol. 2024 Jun 7;45(6):826-832. doi: 10.3174/ajnr.A8211.","Walston SL","AJNR Am J Neuroradiol","2024","2024/04/25","PMC11288590","","10.3174/ajnr.A8211"
"36827273","Bayesian network modeling of risk and prodromal markers of Parkinson's disease","Sood M, Suenkel U, von Thaler AK, Zacharias HU, Brockmann K, Eschweiler GW, Maetzler W, Berg D, Fröhlich H, Heinzel S.","PLoS One. 2023 Feb 24;18(2):e0280609. doi: 10.1371/journal.pone.0280609. eCollection 2023.","Sood M","PLoS One","2023","2023/02/24","PMC9955606","","10.1371/journal.pone.0280609"
"40732431","Synthetic Patient-Physician Conversations Simulated by Large Language Models: A Multi-Dimensional Evaluation","Haider SA, Prabha S, Gomez-Cabello CA, Borna S, Genovese A, Trabilsy M, Collaco BG, Wood NG, Bagaria S, Tao C, Forte AJ.","Sensors (Basel). 2025 Jul 10;25(14):4305. doi: 10.3390/s25144305.","Haider SA","Sensors (Basel)","2025","2025/07/30","PMC12298718","","10.3390/s25144305"
"39928932","Machine Learning in the Management of Patients Undergoing Catheter Ablation for Atrial Fibrillation: Scoping Review","Luo A, Chen W, Zhu H, Xie W, Chen X, Liu Z, Xin Z.","J Med Internet Res. 2025 Feb 10;27:e60888. doi: 10.2196/60888.","Luo A","J Med Internet Res","2025","2025/02/10","PMC11851043","","10.2196/60888"
"40270427","Federated Learning for Healthcare: Class Imbalance Mitigation and Feature Drift Detection","Andres J, Hilberger H, Hanke S, Bödenler M.","Stud Health Technol Inform. 2025 Apr 24;324:292-297. doi: 10.3233/SHTI250203.","Andres J","Stud Health Technol Inform","2025","2025/04/24","","","10.3233/SHTI250203"
"40569343","Synthetic Data for Sharing and Exploration in High-Performance Sport: Considerations for Application","Warmenhoven J, Impellizzeri FM, Shrier I, Vigotsky AD, Lolli L, Menaspà P, Coutts AJ, Fanchini M, Hooker G.","Sports Med. 2025 Aug;55(8):2019-2037. doi: 10.1007/s40279-025-02221-6. Epub 2025 Jun 26.","Warmenhoven J","Sports Med","2025","2025/06/26","PMC12460485","","10.1007/s40279-025-02221-6"
"39983361","Addressing imbalance in health data: Synthetic minority oversampling using deep learning","Wang AX, Le VT, Trung HN, Nguyen BP.","Comput Biol Med. 2025 Apr;188:109830. doi: 10.1016/j.compbiomed.2025.109830. Epub 2025 Feb 20.","Wang AX","Comput Biol Med","2025","2025/02/21","","","10.1016/j.compbiomed.2025.109830"
"40758491","Advancing Cancer Research With Synthetic Data Generation in Low-Data Scenarios","Apellaniz PA, Galende BA, Jimenez A, Parras J, Zazo S.","IEEE J Biomed Health Inform. 2026 Feb;30(2):1666-1679. doi: 10.1109/JBHI.2025.3595371.","Apellaniz PA","IEEE J Biomed Health Inform","2026","2025/08/04","","","10.1109/JBHI.2025.3595371"
"40730812","Democratizing cost-effective, agentic artificial intelligence to multilingual medical summarization through knowledge distillation","Lee C, Kumar S, Vogt KA, Munshi M, Tallapudi P, Vogt A, Awad H, Khan W.","Sci Rep. 2025 Jul 29;15(1):27619. doi: 10.1038/s41598-025-10451-x.","Lee C","Sci Rep","2025","2025/07/29","PMC12307869","","10.1038/s41598-025-10451-x"
"39732668","The aluminum standard: using generative Artificial Intelligence tools to synthesize and annotate non-structured patient data","Diaz Ochoa JG, Mustafa FE, Weil F, Wang Y, Kama K, Knott M.","BMC Med Inform Decis Mak. 2024 Dec 28;24(1):409. doi: 10.1186/s12911-024-02825-4.","Diaz Ochoa JG","BMC Med Inform Decis Mak","2024","2024/12/28","PMC11681671","","10.1186/s12911-024-02825-4"
"41110737","Synthetic-to-real attentive deep learning for Alzheimer's assessment: A domain-agnostic framework for ROCF scoring","Bouali KA, Šikudová E.","J Biomed Inform. 2025 Nov;171:104929. doi: 10.1016/j.jbi.2025.104929. Epub 2025 Oct 17.","Bouali KA","J Biomed Inform","2025","2025/10/19","","","10.1016/j.jbi.2025.104929"
"40588885","Challenges and Risks of Using Synthetic Data for AI-Driven Healthcare Applications","Karoulla E, Matragkas N, Islam SU, Epiphaniou G.","Stud Health Technol Inform. 2025 Jun 26;328:81-85. doi: 10.3233/SHTI250677.","Karoulla E","Stud Health Technol Inform","2025","2025/07/01","","","10.3233/SHTI250677"
"40644844","Patterns, advances, and gaps in using ChatGPT and similar technologies in nursing education: A PAGER scoping review","Amankwaa I, Ekpor E, Cudjoe D, Kobiah E, Fuseini AJ, Diebieri M, Gyamfi S, Brownie S.","Nurse Educ Today. 2025 Oct;153:106822. doi: 10.1016/j.nedt.2025.106822. Epub 2025 Jul 5.","Amankwaa I","Nurse Educ Today","2025","2025/07/11","","","10.1016/j.nedt.2025.106822"
"39471493","A machine learning framework to adjust for learning effects in medical device safety evaluation","Koola JD, Ramesh K, Mao J, Ahn M, Davis SE, Govindarajulu U, Perkins AM, Westerman D, Ssemaganda H, Speroff T, Ohno-Machado L, Ramsay CR, Sedrakyan A, Resnic FS, Matheny ME.","J Am Med Inform Assoc. 2025 Jan 1;32(1):206-217. doi: 10.1093/jamia/ocae273.","Koola JD","J Am Med Inform Assoc","2025","2024/10/29","PMC11648715","","10.1093/jamia/ocae273"
"40488579","Consideration of Sociodemographics in Machine Learning-Driven Sepsis Risk Prediction","Hauschildt KE, Pan A, Bernstein T, Admon AJ, Mukherjee B, Iwashyna TJ, Rountree L.","Crit Care Med. 2025 Sep 1;53(9):e1815-e1820. doi: 10.1097/CCM.0000000000006741. Epub 2025 Jun 9.","Hauschildt KE","Crit Care Med","2025","2025/06/09","","","10.1097/CCM.0000000000006741"
"39742693","Preserving privacy in healthcare: A systematic review of deep learning approaches for synthetic data generation","Liu Y, Acharya UR, Tan JH.","Comput Methods Programs Biomed. 2025 Mar;260:108571. doi: 10.1016/j.cmpb.2024.108571. Epub 2024 Dec 28.","Liu Y","Comput Methods Programs Biomed","2025","2025/01/01","","","10.1016/j.cmpb.2024.108571"
"34731772","Characterizing interactions between cardiac shape and deformation by non-linear manifold learning","Maxime DF, Pamela M, Patrick C, Nicolas D.","Med Image Anal. 2022 Jan;75:102278. doi: 10.1016/j.media.2021.102278. Epub 2021 Oct 23.","Maxime DF","Med Image Anal","2022","2021/11/03","","","10.1016/j.media.2021.102278"
"39530740","Machine learning-based infection diagnostic and prognostic models in post-acute care settings: a systematic review","Xu Z, Scharp D, Hobensack M, Ye J, Zou J, Ding S, Shang J, Topaz M.","J Am Med Inform Assoc. 2025 Jan 1;32(1):241-252. doi: 10.1093/jamia/ocae278.","Xu Z","J Am Med Inform Assoc","2025","2024/11/12","PMC11648729","","10.1093/jamia/ocae278"
"40388536","Generative AI mitigates representation bias and improves model fairness through synthetic health data","Marchesi R, Micheletti N, I-Hsien Kuo N, Barbieri S, Jurman G, Osmani V.","PLoS Comput Biol. 2025 May 19;21(5):e1013080. doi: 10.1371/journal.pcbi.1013080. eCollection 2025 May.","Marchesi R","PLoS Comput Biol","2025","2025/05/19","PMC12112403","","10.1371/journal.pcbi.1013080"
"37378418","Amplifying the Effects of Contrast Agents on Magnetic Resonance Images Using a Deep Learning Method Trained on Synthetic Data","Fringuello Mingo A, Colombo Serra S, Macula A, Bella D, La Cava F, Alì M, Papa S, Tedoldi F, Smits M, Bifone A, Valbusa G.","Invest Radiol. 2023 Dec 1;58(12):853-864. doi: 10.1097/RLI.0000000000000998. Epub 2023 Jul 28.","Fringuello Mingo A","Invest Radiol","2023","2023/06/28","PMC10662587","","10.1097/RLI.0000000000000998"
"41270457","Large language models (LLMs) in radiography research: A narrative review","Rainey C, England A, Murphy PC, Mohammad AA, Hadi YH, McEntee M.","Radiography (Lond). 2026 Jan;32(1):103244. doi: 10.1016/j.radi.2025.103244. Epub 2025 Nov 20.","Rainey C","Radiography (Lond)","2026","2025/11/21","","","10.1016/j.radi.2025.103244"
"40829151","Exploring the Application of AI and Extended Reality Technologies in Metaverse-Driven Mental Health Solutions: Scoping Review","Tabassum A, Ghaznavi I, Abd-Alrazaq A, Qadir J.","J Med Internet Res. 2025 Aug 19;27:e72400. doi: 10.2196/72400.","Tabassum A","J Med Internet Res","2025","2025/08/19","PMC12405795","","10.2196/72400"
"40962129","SynthMedic: Utilizing large language models for synthetic discharge summary generation, correction and validation","Grazhdanski G, Vasilev V, Vassileva S, Taskov D, Antova I, Koychev I, Boytcheva S.","J Biomed Inform. 2025 Oct;170:104906. doi: 10.1016/j.jbi.2025.104906. Epub 2025 Sep 15.","Grazhdanski G","J Biomed Inform","2025","2025/09/17","","","10.1016/j.jbi.2025.104906"
"38828883","The effects of back-projection variants in BPF-like TOF PET reconstruction using CNN filtration - Based on simulated and clinical brain data","Lv L, Zeng GL, Chen G, Ding W, Weng F, Huang Q.","Med Phys. 2024 Sep;51(9):6161-6175. doi: 10.1002/mp.17191. Epub 2024 Jun 3.","Lv L","Med Phys","2024","2024/06/03","PMC11489027","NIHMS2021811","10.1002/mp.17191"
"38409365","Semantic representation and comparative analysis of physical activity sensor observations using MOX2-5 sensor in real and synthetic datasets: a proof-of-concept-study","Chatterjee A, Gerdes MW, Prinz A, Riegler MA, Martinez SG.","Sci Rep. 2024 Feb 26;14(1):4634. doi: 10.1038/s41598-024-55183-6.","Chatterjee A","Sci Rep","2024","2024/02/27","PMC10897381","","10.1038/s41598-024-55183-6"
"40417510","Enhancement of Fairness in AI for Chest X-ray Classification","Jackson NJ, Yan C, Malin BA.","AMIA Annu Symp Proc. 2025 May 22;2024:551-560. eCollection 2024.","Jackson NJ","AMIA Annu Symp Proc","2025","2025/05/26","PMC12099404","",""
"36868494","Efficacy of Robot-Assisted Training on Rehabilitation of Upper Limb Function in Patients With Stroke: A Systematic Review and Meta-analysis","Yang X, Shi X, Xue X, Deng Z.","Arch Phys Med Rehabil. 2023 Sep;104(9):1498-1513. doi: 10.1016/j.apmr.2023.02.004. Epub 2023 Mar 1.","Yang X","Arch Phys Med Rehabil","2023","2023/03/03","","","10.1016/j.apmr.2023.02.004"
"41719633","Enhancing survival analysis through federated learning in non-IID and scarce data scenarios","Apellániz PA, Parras J, Zazo S.","Comput Biol Med. 2026 Mar;204:111558. doi: 10.1016/j.compbiomed.2026.111558. Epub 2026 Feb 19.","Apellániz PA","Comput Biol Med","2026","2026/02/20","","","10.1016/j.compbiomed.2026.111558"
"37960391","A Generative Adversarial Network to Synthesize 3D Magnetohydrodynamic Distortions for Electrocardiogram Analyses Applied to Cardiac Magnetic Resonance Imaging","Mehri M, Calmon G, Odille F, Oster J, Lalande A.","Sensors (Basel). 2023 Oct 24;23(21):8691. doi: 10.3390/s23218691.","Mehri M","Sensors (Basel)","2023","2023/11/14","PMC10649946","","10.3390/s23218691"
"35651302","Single-material beam hardening correction via an analytical energy response model for diagnostic CT","Haase V, Hahn K, Schöndube H, Stierstorfer K, Maier A, Noo F.","Med Phys. 2022 Aug;49(8):5014-5037. doi: 10.1002/mp.15787. Epub 2022 Jun 16.","Haase V","Med Phys","2022","2022/06/02","PMC9388575","NIHMS1812584","10.1002/mp.15787"
"37852145","Bidimensional ensemble entropy: Concepts and application to emphysema lung computerized tomography scans","Gaudêncio AS, Azami H, Cardoso JM, Vaz PG, Humeau-Heurtier A.","Comput Methods Programs Biomed. 2023 Dec;242:107855. doi: 10.1016/j.cmpb.2023.107855. Epub 2023 Oct 12.","Gaudêncio AS","Comput Methods Programs Biomed","2023","2023/10/18","","","10.1016/j.cmpb.2023.107855"
"40737814","Rethinking data imbalance in class incremental surgical instrument segmentation","Zhao S, Bai L, Yuan K, Li F, Yu J, Dong W, Wang G, Hoque M, Padoy N, Navab N, Ren H.","Med Image Anal. 2025 Oct;105:103728. doi: 10.1016/j.media.2025.103728. Epub 2025 Jul 22.","Zhao S","Med Image Anal","2025","2025/07/30","","","10.1016/j.media.2025.103728"
"40380414","Bias Detection in Histology Images Using Explainable AI and Image Darkness Assessment","Skarga-Bandurova I, Sharifnia G, Biloborodova T.","Stud Health Technol Inform. 2025 May 15;327:203-207. doi: 10.3233/SHTI250302.","Skarga-Bandurova I","Stud Health Technol Inform","2025","2025/05/17","","","10.3233/SHTI250302"
"41072367","Preprocessing narrative texts in electronic medical records to identify hospital adverse events: A scoping review","Jafarpour H, Wu G, Cheligeer CK, Yan J, Xu Y, Southern DA, Eastwood CA, Zeng Y, Quan H.","Artif Intell Med. 2025 Dec;170:103281. doi: 10.1016/j.artmed.2025.103281. Epub 2025 Oct 8.","Jafarpour H","Artif Intell Med","2025","2025/10/10","","","10.1016/j.artmed.2025.103281"
"41712078","Healthcare applications of 0-1 neural networks in prescriptive problems with observational data","Patil V, Hoppe KK, Mintz Y.","Health Care Manag Sci. 2026 Feb 19;29(1):6. doi: 10.1007/s10729-025-09751-5.","Patil V","Health Care Manag Sci","2026","2026/02/19","PMC12920400","","10.1007/s10729-025-09751-5"
"39966793","How good is your synthetic data? SynthRO, a dashboard to evaluate and benchmark synthetic tabular data","Santangelo G, Nicora G, Bellazzi R, Dagliati A.","BMC Med Inform Decis Mak. 2025 Feb 18;25(1):89. doi: 10.1186/s12911-024-02731-9.","Santangelo G","BMC Med Inform Decis Mak","2025","2025/02/18","PMC11837667","","10.1186/s12911-024-02731-9"
"41022432","Role of artificial intelligence in virtual emergency care: a protocol for a systematic review","Shankar R, Wang L, Hoe HS, Liew MF, Gollamudi SPK, Wong S.","BMJ Open. 2025 Sep 28;15(9):e103084. doi: 10.1136/bmjopen-2025-103084.","Shankar R","BMJ Open","2025","2025/09/29","PMC12481340","","10.1136/bmjopen-2025-103084"
"40067789","Using statistical modelling and machine learning in detecting bone properties: A systematic review protocol","Abdelhay O, Alshoubaki R, Murad S, Abdel-Hafez O, Abdelhay Q, Haddad B, Alhosanie T, Ajlouni H, Ajlouni L, Qarain T, Murad H, Altamimi T.","PLoS One. 2025 Mar 11;20(3):e0319583. doi: 10.1371/journal.pone.0319583. eCollection 2025.","Abdelhay O","PLoS One","2025","2025/03/11","PMC11896029","","10.1371/journal.pone.0319583"
"40961741","Reference standard methodology in the clinical evaluation of AI chest X-ray algorithms for lung cancer detection: A systematic review","Duncan SF, Kidd AC, Lampignano JP, Cannon P, Hall M, Stobo DB, Maclay JD, Blyth KG, Lowe DJ.","Eur J Radiol. 2025 Nov;192:112409. doi: 10.1016/j.ejrad.2025.112409. Epub 2025 Sep 6.","Duncan SF","Eur J Radiol","2025","2025/09/17","","","10.1016/j.ejrad.2025.112409"
"39812924","Differences in technical and clinical perspectives on AI validation in cancer imaging: mind the gap!","Chouvarda I, Colantonio S, Verde ASC, Jimenez-Pastor A, Cerdá-Alberich L, Metz Y, Zacharias L, Nabhani-Gebara S, Bobowicz M, Tsakou G, Lekadir K, Tsiknakis M, Martí-Bonmati L, Papanikolaou N.","Eur Radiol Exp. 2025 Jan 15;9(1):7. doi: 10.1186/s41747-024-00543-0.","Chouvarda I","Eur Radiol Exp","2025","2025/01/15","PMC11735720","","10.1186/s41747-024-00543-0"
"33772748","Sex-Specific Classification of Drug-Induced Torsade de Pointes Susceptibility Using Cardiac Simulations and Machine Learning","Fogli Iseppe A, Ni H, Zhu S, Zhang X, Coppini R, Yang PC, Srivatsa U, Clancy CE, Edwards AG, Morotti S, Grandi E.","Clin Pharmacol Ther. 2021 Aug;110(2):380-391. doi: 10.1002/cpt.2240. Epub 2021 Apr 19.","Fogli Iseppe A","Clin Pharmacol Ther","2021","2021/03/27","PMC8316283","NIHMS1688296","10.1002/cpt.2240"
"38682800","Supervised and Unsupervised Approaches for the Real-Time Detection of Undesired Insulin Suspension Caused by Malfunctions","Idi E, Facchinetti A, Sparacino G, Del Favero S.","J Diabetes Sci Technol. 2025 Sep;19(5):1341-1352. doi: 10.1177/19322968241248402. Epub 2024 Apr 29.","Idi E","J Diabetes Sci Technol","2025","2024/04/29","PMC11571563","","10.1177/19322968241248402"
"40225881","I-SIRch: AI-powered concept annotation tool for equitable extraction and analysis of safety insights from maternity investigations","Singh MK, Cosma G, Waterson P, Back J, Jun GT.","Int J Popul Data Sci. 2024 Nov 20;9(2):2439. doi: 10.23889/ijpds.v9i2.2439. eCollection 2024.","Singh MK","Int J Popul Data Sci","2024","2025/04/14","PMC11986904","","10.23889/ijpds.v9i2.2439"
"41004551","Partial verification bias correction using scaled inverse probability resampling for binary diagnostic tests","Arifin WN, Yusof UK.","PLoS One. 2025 Sep 26;20(9):e0321440. doi: 10.1371/journal.pone.0321440. eCollection 2025.","Arifin WN","PLoS One","2025","2025/09/26","PMC12469146","","10.1371/journal.pone.0321440"
"41110738","Towards a Biological Evaluation Framework for Oversampling (BEFO) gene expression data","Fee K, Jain S, Murphy RG, Jurek-Loughrey A.","J Biomed Inform. 2025 Nov;171:104932. doi: 10.1016/j.jbi.2025.104932. Epub 2025 Oct 17.","Fee K","J Biomed Inform","2025","2025/10/19","","","10.1016/j.jbi.2025.104932"
"39988298","DENSE-SIM: A modular pipeline for the evaluation of cine displacement encoding with stimulated echoes images with sub-voxel ground-truth strain","Barbaroux H, Loecher M, Brackenier Y, Kunze KP, Neji R, Pennell DJ, Ennis DB, Nielles-Vallespin S, Scott AD, Young AA.","J Cardiovasc Magn Reson. 2025 Summer;27(1):101866. doi: 10.1016/j.jocmr.2025.101866. Epub 2025 Feb 21.","Barbaroux H","J Cardiovasc Magn Reson","2025","2025/02/23","PMC12032873","","10.1016/j.jocmr.2025.101866"
"40798947","GRMA-Net: A novel two-stage 3D Semi-supervised Pneumonia Segmentation based on Dual Multiscale Uncertainty Estimation with Graph Reasoning in Chest CTs","Zang J, Gu Y, Yang L, Zhang B, Wang J, Lu X, Li J, Liu X, Zhao Y, Yu D, Tang S, He Q.","Curr Med Imaging. 2025;21:e15734056363870. doi: 10.2174/0115734056363870250804215311.","Zang J","Curr Med Imaging","2025","2025/08/13","","","10.2174/0115734056363870250804215311"
"41857835","Long-term infection risks in haematological cancer survivors compared with individuals with no cancer history: protocol for a systematic review aided by artificial intelligence-based methods","Wilson W, Forbes H, Hazell M, Hopkins L, Funston G, O'Reilly M, Bhaskaran K, Carreira H.","BMJ Open. 2026 Mar 18;16(3):e114803. doi: 10.1136/bmjopen-2025-114803.","Wilson W","BMJ Open","2026","2026/03/20","PMC13007171","","10.1136/bmjopen-2025-114803"
